ALARM CLOCK BAKELIKE RED,ALARM CLOCK BAKELIKE PINK
ALARM CLOCK BAKELIKE RED,DOLLY GIRL LUNCH BOX
ALARM CLOCK BAKELIKE PINK,ALARM CLOCK BAKELIKE RED,ALARM CLOCK BAKELIKE GREEN
ALARM CLOCK BAKELIKE RED,ALARM CLOCK BAKELIKE PINK,ALARM CLOCK BAKELIKE GREEN,GARDENERS KNEELING PAD CUP OF TEA
ALARM CLOCK BAKELIKE RED,ALARM CLOCK BAKELIKE PINK,ALARM CLOCK BAKELIKE GREEN
"PAPER CRAFT , LITTLE BIRDIE"
"PAPER CRAFT , LITTLE BIRDIE"
"PAPER CRAFT , LITTLE BIRDIE"
RED  HARMONICA IN BOX,MINI PAINT SET VINTAGE,ASSORTED COLOUR BIRD ORNAMENT,WORLD WAR 2 GLIDERS ASSTD DESIGNS,"PAPER CRAFT , LITTLE BIRDIE",DOLLY GIRL LUNCH BOX,ALARM CLOCK BAKELIKE GREEN,VICTORIAN GLASS HANGING T-LIGHT
"PAPER CRAFT , LITTLE BIRDIE"
